Provinsi;Kab/Kota;Persentase Penduduk Miskin (P0) Menurut Kabupaten/Kota (Persen);Rata-rata Lama Sekolah Penduduk 15+ (Tahun);Pengeluaran per Kapita Disesuaikan (Ribu Rupiah/Orang/Tahun);Umur Harapan Hidup (Tahun);Persentase rumah tangga yang memiliki akses terhadap sanitasi layak;Persentase rumah tangga yang memiliki akses terhadap air minum layak;Tingkat Pengangguran Terbuka;Klasifikasi Kemiskinan
ACEH;Simeulue;18,98;9,48;7148;65,28;71,56;87,45;5,71;0
ACEH;Aceh Singkil;20,36;8,68;8776;67,43;69,56;78,58;8,36;1
ACEH;Aceh Selatan;13,18;8,88;8180;64,4;62,55;79,65;6,46;0
ACEH;Aceh Tenggara;13,41;9,67;8030;68,22;62,71;86,71;6,43;0
ACEH;Aceh Timur;14,45;8,21;8577;68,74;66,75;83,16;7,13;0
ACEH;Aceh Tengah;15,26;9,86;10780;68,86;90,58;90,1;2,61;0
ACEH;Aceh Barat;18,81;9,55;9593;67,99;89,6;94,22;7,09;0
ACEH;Aceh Besar;14,05;10,33;9644;69,79;87,4;82,36;7,7;0
ACEH;Pidie;19,59;9;9860;66,95;54,1;89,24;7,28;0
ACEH;Bireuen;13,25;9,29;8867;71,26;81,89;93,53;4,32;0
ACEH;Aceh Utara;17,43;8,64;8201;68,81;79,97;91,09;8,31;0
ACEH;Aceh Barat Daya;16,34;8,67;8428;65,06;65,71;95,34;4,04;0
ACEH;Gayo Lues;19,64;8,4;8856;65,53;47,63;84,68;1,84;0
ACEH;Aceh Tamiang;13,34;8,91;8367;69,63;87,45;83,12;5,87;0
ACEH;Nagan Raya;18,23;8,69;8292;69,24;74,86;90,13;4,99;0
ACEH;Aceh Jaya;13,23;8,71;9666;67,19;81,6;86,36;3,47;0
ACEH;Bener Meriah;19,16;10;11118;69,26;86,69;89,71;1,24;0
ACEH;Pidie Jaya;19,55;9,34;10290;70,18;74,3;93,46;3,57;0
ACEH;Kota Banda Aceh;7,61;12,83;16891;71,52;99,88;99,37;8,94;0
ACEH;Kota Sabang;15,32;11,18;11378;70,56;92,25;96,18;3,56;0
ACEH;Kota Langsa;10,96;11,12;12067;69,43;91,81;97,14;7,21;0
ACEH;Kota Lhokseumawe;11,16;11,11;11390;71,64;93,1;94,44;11,16;0
ACEH;Kota Subulussalam;17,65;8,03;7385;64,07;69,71;60,87;6,26;0
SUMATERA UTARA;Nias;16,82;5,64;6995;69,78;19,93;47,79;3,12;0
SUMATERA UTARA;Mandailing Natal;9,49;8,63;9771;62,65;35,73;73,78;6,12;0
SUMATERA UTARA;Tapanuli Selatan;8,8;9,29;11304;64,97;46,41;67,39;4;0
SUMATERA UTARA;Tapanuli Tengah;12,67;8,84;10138;67,24;57,56;68,81;7,24;0
SUMATERA UTARA;Tapanuli Utara;9,72;9,99;11710;68,76;83,79;89,06;1,54;0
SUMATERA UTARA;Toba Samosir;8,99;10,57;12224;70,29;89,54;95,04;0,83;0
SUMATERA UTARA;Labuhan Batu;8,74;9,25;11212;69,95;81,5;94,34;5,66;0
SUMATERA UTARA;Asahan;9,35;8,8;11030;68,37;89,09;95,78;6,39;0
SUMATERA UTARA;Simalungun;8,81;9,61;11376;71,37;91,75;99,74;4,17;0
SUMATERA UTARA;Dairi;8,31;9,59;10504;69,19;92,35;91,9;1,49;0
SUMATERA UTARA;Karo;8,79;10;12412;71,58;84,33;91,43;1,95;0
SUMATERA UTARA;Deli Serdang;4,01;10,1;12291;71,77;96,37;98,18;9,13;0
SUMATERA UTARA;Langkat;10,12;8,66;11142;68,97;80,76;92,51;5,12;0
SUMATERA UTARA;Nias Selatan;16,92;6,06;7041;68,86;13,14;66,21;3,91;0
SUMATERA UTARA;Humbang Hasundutan;9,65;9,71;8016;69,51;91,65;91,95;1,94;0
SUMATERA UTARA;Pakpak Bharat;9,35;9,14;8254;65,96;90,14;70,69;1,36;0
SUMATERA UTARA;Samosir;12,68;9,44;8504;71,41;91,09;65,64;0,7;0
SUMATERA UTARA;Serdang Bedagai;8,3;8,69;11017;68,82;93,19;98,14;3,93;0
SUMATERA UTARA;Batu Bara;12,38;8,07;10539;67,13;88,04;97,83;6,62;0
SUMATERA UTARA;Padang Lawas Utara;9,92;9,38;10055;67,22;67,17;77,58;3,19;0
SUMATERA UTARA;Padang Lawas;8,69;9,02;8921;67,13;59,62;77,84;4,07;0
SUMATERA UTARA;Labuhan Batu Selatan;8,53;8,9;11562;68,81;84,85;84,66;4,71;0
SUMATERA UTARA;Labuhan Batu Utara;10,02;8,41;11840;69,56;79,75;86,75;5,74;0
SUMATERA UTARA;Nias Utara;25,66;6,77;6155;69,55;46,09;58,17;3;1
SUMATERA UTARA;Nias Barat;26,42;6,69;5924;69,08;38,02;71,52;0,74;1
SUMATERA UTARA;Kota Sibolga;12,33;10,41;11540;69,25;32,33;92,4;8,72;0
SUMATERA UTARA;Kota Tanjung Balai;13,4;9,45;11225;63,44;89,07;87,2;6,59;0
SUMATERA UTARA;Kota Pematang Siantar;8,52;11,29;12436;73,77;88,49;99,78;11;0
SUMATERA UTARA;Kota Tebing Tinggi;10,3;10,44;12939;70,95;95,88;99,35;8,37;0
SUMATERA UTARA;Kota Medan;8,34;11,48;14999;73,23;92,71;98,8;10,81;0
SUMATERA UTARA;Kota Binjai;5,81;10,94;11063;72,45;95,21;99,76;7,86;0
SUMATERA UTARA;Kota Padangsidimpuan;7,53;11,09;10965;69,5;51,33;54,13;7,18;0
SUMATERA UTARA;Kota Gunungsitoli;16,45;8,62;8134;71,32;45,13;74,11;4,8;0
SUMATERA BARAT;Kepulauan Mentawai;14,84;7,2;6321;64,73;71,05;55,46;2,79;0
SUMATERA BARAT;Pesisir Selatan;7,92;8,27;9270;70,96;71,4;76,23;5,97;0
SUMATERA BARAT;Solok;8,01;7,87;10215;68,79;47,63;78,09;4,67;0
SUMATERA BARAT;Sijunjung;6,8;8,12;10389;66,36;72,63;64,12;3,57;0
SUMATERA BARAT;Tanah Datar;4,54;8,62;10616;70,12;53,73;86,5;4,63;0
SUMATERA BARAT;Padang Pariaman;7,22;7,88;11050;68,97;55,86;86,09;8,41;0
SUMATERA BARAT;Agam;6,85;8,97;9662;72,53;77,25;87,46;5,06;0
SUMATERA BARAT;Lima Puluh Kota;7,29;8,07;9668;69,84;55,69;68,93;2,25;0
SUMATERA BARAT;Pasaman;7,48;8,1;8440;67,59;45,26;82,57;4,92;0
SUMATERA BARAT;Solok Selatan;7,52;8,32;10367;68,01;58,57;81,01;4,84;0
SUMATERA BARAT;Dharmasraya;6,67;8,55;11324;71,53;82,71;70,27;5;0
SUMATERA BARAT;Pasaman Barat;7,51;8,27;9089;67,94;70,28;81,47;5,02;0
SUMATERA BARAT;Kota Padang;4,94;11,59;14540;73,69;80,13;95,52;13,37;0
SUMATERA BARAT;Kota Solok;3,12;11,04;12168;73,73;91,4;96,55;5,15;0
SUMATERA BARAT;Kota Sawah Lunto;2,38;10,32;10195;70,1;86,45;88,27;6,38;0
SUMATERA BARAT;Kota Padang Panjang;5,92;11,63;10754;72,82;73,04;98,45;4,9;0
SUMATERA BARAT;Kota Bukittinggi;5,14;11.34;13331;74,5;89,93;97,05;6,09;0
SUMATERA BARAT;Kota Payakumbuh;6,16;10.81;13317;73,84;89,49;99,43;6,47;0
SUMATERA BARAT;Kota Pariaman;4,38;10.67;12818;70,38;79,56;97,69;6,09;0
RIAU;Kuantan Singingi;8.97;8.75;10309;68,6;87,98;85,78;2,06;0
RIAU;Indragiri Hulu;6.18;8.39;10260;70,26;82,82;64,84;3,32;0
RIAU;Indragiri Hilir;6,18;7,24;9945;67,98;49,64;89,6;2,66;0
RIAU;Pelalawan;9,63;8,7;11672;71,24;81,13;83,61;2,34;0
RIAU;Siak;5,18;9,86;11807;71,13;95,41;93,13;4,34;0
RIAU;Kampar;7,82;9,27;10858;70,83;89,62;90,41;4,27;0
RIAU;Rokan Hulu;10,4;8,54;9406;70,18;88,85;92,17;2,25;0
RIAU;Bengkalis;6,64;9,7;11415;71,24;90,34;93,26;6,63;0
RIAU;Rokan Hilir;7,18;8,26;9417;70,39;73,94;87,52;3,25;0
RIAU;Kepulauan Meranti;25,68;7,84;7780;67,78;55,98;88,69;4,43;1
RIAU;Kota Pekanbaru;2,83;11,92;14360;72,41;96,28;98,76;8,29;0
RIAU;Kota Dumai;3,42;10,14;11818;70,98;97,03;92,86;6,29;0
JAMBI;Kerinci;7,71;8,56;10184;70;66,32;74,59;2,32;0
JAMBI;Merangin;9,11;7,9;10380;71,29;71,07;68,91;4,83;0
JAMBI;Sarolangun;8,87;8,04;11792;69,21;76,03;69,96;5,52;0
JAMBI;Batang Hari;10,05;8,12;10032;70,64;79,68;73,08;4,26;0
JAMBI;Muaro Jambi;4,53;8,58;8825;71,32;89,17;80,66;5,59;0
JAMBI;Tanjung Jabung Timur;11,39;6,92;9163;66,34;70,27;85,91;1,56;0
JAMBI;Tanjung Jabung Barat;10,75;8;9699;68,17;81,89;91,76;2,53;0
JAMBI;Tebo;6,68;7,59;10546;70,02;83,38;69,97;2,83;0
JAMBI;Bungo;6,23;8,28;11670;67,83;77,58;73,63;5,86;0
JAMBI;Kota Jambi;9,02;11,2;12240;72,71;93,22;95,83;10,66;0
JAMBI;Kota Sungai Penuh;3,41;10,33;10454;72,21;74,04;90,55;3;0
SUMATERA SELATAN;Ogan Komering Ulu;12,62;8,71;10040;68,24;82,72;81,78;4,57;0
SUMATERA SELATAN;Ogan Komering Ilir;14,68;7,05;10755;68,67;68,09;79,02;3,01;0
SUMATERA SELATAN;Muara Enim;12,32;7,8;10995;69,02;84,35;89,48;5,03;0
SUMATERA SELATAN;Lahat;16,46;8,52;9735;66,16;70,44;81,67;3,6;0
SUMATERA SELATAN;Musi Rawas;13,89;7,53;9550;68,26;69,22;83,15;2,78;0
SUMATERA SELATAN;Musi Banyuasin;15,84;7,63;10140;68,84;71,07;79,37;3,99;0
SUMATERA SELATAN;Banyu Asin;10,75;7,44;9860;69,06;72,2;76,97;3,84;0
SUMATERA SELATAN;Ogan Komering Ulu Selatan;11,12;7,85;8585;67,07;56,2;77,12;3,23;0
SUMATERA SELATAN;Ogan Komering Ulu Timur;10,6;7,56;11531;69,17;83,86;93,32;3,18;0
SUMATERA SELATAN;Ogan Ilir;13,82;7,87;10454;65,6;67,92;72,53;3,07;0
SUMATERA SELATAN;Empat Lawang;13,35;7,64;9400;65,13;51,7;51,87;2,41;0
SUMATERA SELATAN;Penukal Abab Lematang Ilir;12,91;7,05;8210;68,33;94,31;87,49;3,61;0
SUMATERA SELATAN;Musi Rawas Utara;20,11;7,09;9855;65,76;65,9;80,33;6,72;1
SUMATERA SELATAN;Kota Palembang;11,34;10,75;14704;71,01;94,21;97,43;10,11;0
SUMATERA SELATAN;Kota Prabumulih;12,2;9,97;12752;70,47;95,33;93,77;5,86;0
SUMATERA SELATAN;Kota Pagar Alam;9,4;9,4;8877;66,85;58,66;93,16;1,64;0
SUMATERA SELATAN;Kota Lubuklinggau;13,23;9,9;13267;69,39;85,5;96,1;6,27;0
BENGKULU;Bengkulu Selatan;18,16;9,27;9916;67,93;74,74;58,22;2,55;0
BENGKULU;Rejang Lebong;15,85;8,33;10323;68,75;71,5;65,07;2,45;0
BENGKULU;Bengkulu Utara;11,61;8,09;10410;68,27;81,36;53,11;3,51;0
BENGKULU;Kaur;18,62;8,38;8638;66,73;78,63;86,2;3,45;0
BENGKULU;Seluma;18,72;8;8256;67,9;84,29;47,04;3,44;0
BENGKULU;Mukomuko;11,93;8,3;10405;66,73;86,79;75,99;3,68;0
BENGKULU;Lebong;12;8,18;11317;63,4;51,55;57,37;3,18;0
BENGKULU;Kepahiang;14,83;8,29;9377;68,08;66,88;62,65;1,89;0
BENGKULU;Bengkulu Tengah;9,68;7,48;9471;68,19;80,23;63,06;4,07;0
BENGKULU;Kota Bengkulu;17,89;11,8;14108;70,2;95,8;92,21;6,35;0
LAMPUNG;Lampung Barat;12,82;8,07;9969;67,65;76,5;70,96;2,83;0
LAMPUNG;Tanggamus;11,81;7,34;9266;68,67;68,96;63,9;2,93;0
LAMPUNG;Lampung Selatan;14,19;7,7;9931;69,42;94,4;87,92;5,27;0
LAMPUNG;Lampung Timur;15,08;7,77;10026;70,78;86,29;84,35;3,05;0
LAMPUNG;Lampung Tengah;11,99;7,59;11259;69,87;79,37;78,9;4,31;0
LAMPUNG;Lampung Utara;19,63;8,34;8737;69,3;75,03;62,78;6,14;0
LAMPUNG;Way Kanan;13,09;7,71;9173;69,46;78,66;65,12;3,36;0
LAMPUNG;Tulangbawang;9,67;7,55;10735;70,01;84,83;80,65;4,1;0
LAMPUNG;Pesawaran;15,11;7,71;7934;69,15;83,73;87,07;4,19;0
LAMPUNG;Pringsewu;10,11;8,39;10302;70,27;88,91;96,68;4,85;0
LAMPUNG;Mesuji;7,54;7,08;7980;68,26;78,98;80,27;3,42;0
LAMPUNG;Tulang Bawang Barat;8,32;7,39;8422;70,03;75,33;42,81;3,35;0
LAMPUNG;Pesisir Barat;14,81;8,19;8533;63,66;76,68;74,53;3,08;0
LAMPUNG;Kota Bandar Lampung;9,11;10,95;12247;71,42;95,45;98,47;8,85;0
LAMPUNG;Kota Metro;8,93;10,97;11916;71,66;94,64;94,53;5;0
KEP. BANGKA BELITUNG;Bangka;4,81;8,25;12424;71,14;95,73;64,24;5,97;0
KEP. BANGKA BELITUNG;Belitung;7,15;8,47;13563;71,1;94,57;66,31;3,51;0
KEP. BANGKA BELITUNG;Bangka Barat;2,75;7,44;12269;70,08;89,99;80,18;3,83;0
KEP. BANGKA BELITUNG;Bangka Tengah;5,13;7,2;12945;71,52;92,66;77,33;4,95;0
KEP. BANGKA BELITUNG;Bangka Selatan;3,69;6,71;11768;68,35;83,39;69,15;5,29;0
KEP. BANGKA BELITUNG;Belitung Timur;7,2;8,47;11760;72,1;89,46;60,01;3,78;0
KEP. BANGKA BELITUNG;Kota Pangkal Pinang;4,76;10,13;15716;73,41;96,78;96,3;6,81;0
KEPULAUAN RIAU;Karimun;6,85;8,18;11879;71,11;92,88;88,1;7,2;0
KEPULAUAN RIAU;Bintan;6,42;8,67;14393;70,46;79,76;76,64;8,62;0
KEPULAUAN RIAU;Natuna;4,95;8,92;14711;65,31;70,71;81,26;5,15;0
KEPULAUAN RIAU;Lingga;13,93;6,88;11938;62,39;68,18;81,25;4,23;0
KEPULAUAN RIAU;Kepulauan Anambas;7,09;7,34;11950;67,36;33,8;20,51;1,27;0
KEPULAUAN RIAU;Kota Batam;5,05;11,15;18034;73,36;97,83;95,63;11,64;0
KEPULAUAN RIAU;Kota Tanjung Pinang;9,57;10,26;15439;72,18;84,47;91,66;6,31;0
DKI JAKARTA;Kepulauan Seribu;15,06;8,81;12587;68,99;83,75;94,22;8,58;0
DKI JAKARTA;Kota Jakarta Selatan;3,56;11,64;23888;74,2;96,51;99,96;7,33;0
DKI JAKARTA;Kota Jakarta Timur;4,28;11,67;17733;74,54;96,73;99,58;8,23;0
DKI JAKARTA;Kota Jakarta Pusat;4,94;11,39;17365;74,19;89,56;100;7,75;0
DKI JAKARTA;Kota Jakarta Barat;4,31;10,78;20801;73,69;97,75;100;9,06;0
DKI JAKARTA;Kota Jakarta Utara;7,24;10,81;18762;73,35;90,61;100;9,84;0
JAWA BARAT;Bogor;8,13;8,31;10410;71,36;63,91;91,83;12,22;0
JAWA BARAT;Sukabumi;7,7;7,1;8850;71,21;64,35;81,34;9,51;0
JAWA BARAT;Cianjur;11,18;7,19;8052;70,32;58,52;86,25;9,32;0
JAWA BARAT;Bandung;7,15;9,07;10307;73,72;64,51;99,07;8,32;0
JAWA BARAT;Garut;10,65;7,53;7961;71,59;43,73;77,35;8,68;0
JAWA BARAT;Tasikmalaya;11,15;7,48;7829;69,67;49,35;85,26;6,16;0
JAWA BARAT;Ciamis;7,97;7,9;9259;72,02;66,59;90,12;5,06;0
JAWA BARAT;Kuningan;13,1;7,8;9409;73,78;80,98;94,4;11,68;0
JAWA BARAT;Cirebon;12,3;7,1;10368;72,18;83,41;96,54;10,38;0
JAWA BARAT;Majalengka;12,33;7,31;9591;70,46;80,59;96,8;5,71;0
JAWA BARAT;Sumedang;10,71;8,52;10262;72,62;87,87;94,16;9,18;0
JAWA BARAT;Indramayu;13,04;6,52;9810;71,84;89,75;97,95;8,3;0
JAWA BARAT;Subang;10,03;7,11;10854;72,58;85,82;98,75;9,77;0
JAWA BARAT;Purwakarta;8,83;8,1;11669;71,18;72,61;81,5;10,7;0
JAWA BARAT;Karawang;8,95;7,78;11522;72,33;77,19;96,63;11,83;0
JAWA BARAT;Bekasi;5,21;9,3;11341;73,81;81,02;95,02;10,09;0
JAWA BARAT;Bandung Barat;11,3;8,2;8546;72,52;63,78;92,47;11,65;0
JAWA BARAT;Pangandaran;9,65;7,85;9065;71,6;81,49;80,78;3,25;0
JAWA BARAT;Kota Bogor;7,24;10,53;11716;73,82;75,35;98,14;11,79;0
JAWA BARAT;Kota Sukabumi;8,25;9,81;10942;72,58;39,64;98,37;10,78;0
JAWA BARAT;Kota Bandung;4,37;10,99;16996;74,46;48,9;99,51;11,46;0
JAWA BARAT;Kota Cirebon;10,03;10,12;11810;72,44;92,71;99,34;10,53;0
JAWA BARAT;Kota Bekasi;4,74;11,31;15903;75,19;97,54;100;10,88;0
JAWA BARAT;Kota Depok;2,58;11,46;15420;74,62;97,06;99,52;9,76;0
JAWA BARAT;Kota Cimahi;5,35;11,08;12019;74,21;78,67;97,93;13,07;0
JAWA BARAT;Kota Tasikmalaya;13,13;9,52;10213;72,34;52,62;94,4;7,66;0
JAWA BARAT;Kota Banjar;7,11;8,77;10476;71,19;81,92;97,21;6,09;0
JAWA TENGAH;Cilacap;11,67;7,09;10534;73,9;76,42;93,37;9,97;0
JAWA TENGAH;Banyumas;13,66;7,63;11546;73,8;79,97;91,49;6,05;0
JAWA TENGAH;Purbalingga;16,24;7,25;10032;73,21;76,33;85,18;6,05;0
JAWA TENGAH;Banjarnegara;16,23;6,75;9407;74,28;40,75;82,61;5,86;0
JAWA TENGAH;Kebumen;17,83;7,55;9028;73,55;88,99;86,36;6,03;0
JAWA TENGAH;Purworejo;12,4;8,21;10275;74,87;79,81;85,99;3,59;0
JAWA TENGAH;Wonosobo;17,67;6,82;10760;71,94;53,27;95,64;5,26;0
JAWA TENGAH;Magelang;11,91;7,79;9440;73,88;78,4;94,14;5,03;0
JAWA TENGAH;Boyolali;10,62;7,85;13031;76,03;87,72;93,42;5,09;0
JAWA TENGAH;Klaten;13,49;8,81;12017;76,86;95,37;97,84;5,48;0
JAWA TENGAH;Sukoharjo;8,23;9,35;11428;77,73;94,27;98,01;3,32;0
JAWA TENGAH;Wonogiri;11,55;7,34;9429;76,28;92,97;98,82;2,43;0
JAWA TENGAH;Karanganyar;10,68;8,57;11509;77,55;95,38;98,65;5,89;0
JAWA TENGAH;Sragen;13,83;7,66;12679;75,79;89,89;98,33;4,76;0
JAWA TENGAH;Grobogan;12,74;7,11;10294;74,84;89,37;76,14;4,38;0
JAWA TENGAH;Blora;12,39;6,99;9669;74,51;90,51;94,84;3,81;0
JAWA TENGAH;Rembang;15,8;7,3;10519;74,61;89,94;95,36;3,67;0
JAWA TENGAH;Pati;10,21;7,48;10506;76,27;91,67;99,72;4,6;0
JAWA TENGAH;Kudus;7,6;8,76;11272;76,68;93,8;98,9;3,77;0
JAWA TENGAH;Jepara;7,44;7,79;10536;75,91;66,59;81,48;4,23;0
JAWA TENGAH;Demak;12,92;7,86;10248;75,46;91,38;96,71;5,28;0
JAWA TENGAH;Semarang;7,82;8,03;12070;75,79;91,01;98,25;5,02;0
JAWA TENGAH;Temanggung;10,17;7,25;9408;75,64;68,05;91,87;2,62;0
JAWA TENGAH;Kendal;10,24;7,46;11608;74,48;83,81;92,65;7,55;0
JAWA TENGAH;Batang;9,68;6,88;9524;74,74;66,96;98,38;6,59;0
JAWA TENGAH;Pekalongan;10,57;7,17;10409;73,74;78,57;96,2;4,28;0
JAWA TENGAH;Pemalang;16,56;6,45;8573;73,53;77,89;95,14;6,71;0
JAWA TENGAH;Tegal;8,6;6,99;9700;71,72;84,23;98,87;9,97;0
JAWA TENGAH;Brebes;17,43;6,22;10152;69,54;80,1;92,6;9,78;0
JAWA TENGAH;Kota Magelang;7,75;10,62;12349;76,93;84,04;100;8,73;0
JAWA TENGAH;Kota Surakarta;9,4;10,9;14911;77,32;88,73;99,82;7,85;0
JAWA TENGAH;Kota Salatiga;5,14;10,66;15843;77,55;98,07;98,78;7,26;0
JAWA TENGAH;Kota Semarang;4,56;10,78;15425;77,51;93,67;98,42;9,54;0
JAWA TENGAH;Kota Pekalongan;7,59;9,18;12598;74,44;94,62;99,28;6,89;0
JAWA TENGAH;Kota Tegal;8,12;8,73;13143;74,54;92,77;100;8,25;0
D I YOGYAKARTA;Kulon Progo;18,38;9,02;10069;75,27;95,95;89,33;3,69;0
D I YOGYAKARTA;Bantul;14,04;9,57;15545;73,89;96,2;96,11;4,04;0
D I YOGYAKARTA;Gunung Kidul;17,69;7,3;9505;74,19;96;94,7;2,2;0
D I YOGYAKARTA;Sleman;8,64;10,92;16060;74,92;98,41;96,26;5,17;0
D I YOGYAKARTA;Kota Yogyakarta;7,69;11,72;18801;74,76;98,17;100;9,13;0
JAWA TIMUR;Pacitan;15,11;7,61;8887;72,07;71,7;76,71;2,04;0
JAWA TIMUR;Ponorogo;10,26;7,55;9851;72,85;87,49;96,3;4,38;0
JAWA TIMUR;Trenggalek;12,14;7.56;9743;73,86;75,48;75,78;3,53;0
JAWA TIMUR;Tulungagung;7,51;8.34;10807;74,16;85,37;97,4;4,91;0
JAWA TIMUR;Blitar;9,65;7.50;10757;73,61;75,67;93,33;3,66;0
JAWA TIMUR;Kediri;11,64;8.08;11127;72,65;86,92;96,35;5,15;0
JAWA TIMUR;Malang;10,5;7.43;10163;72,61;80,79;94,14;5,4;0
JAWA TIMUR;Lumajang;10,05;6.67;9203;70,21;83,24;95,73;3,51;0
JAWA TIMUR;Jember;10,41;6.49;9410;69,28;64,17;94,35;5,44;0
JAWA TIMUR;Banyuwangi;8,07;7.42;12217;70,72;81,15;94,16;5,42;0
JAWA TIMUR;Bondowoso;14,73;5.94;10690;66,89;52,82;93,44;4,46;0
JAWA TIMUR;Situbondo;12,63;6.62;9996;69,24;59,79;98,88;3,68;0
JAWA TIMUR;Probolinggo;18,91;6.12;10969;67,36;62,14;93,18;4,55;0
JAWA TIMUR;Pasuruan;9,7;7.41;10297;70,25;82,92;97,36;6,03;0
JAWA TIMUR;Sidoarjo;5,93;10.72;14578;74,06;95,05;96,82;10,87;0
JAWA TIMUR;Mojokerto;10,62;8.64;12844;72,59;87,34;98,37;5,54;0
JAWA TIMUR;Jombang;10;8.55;11394;72,49;90,95;99,44;7,09;0
JAWA TIMUR;Nganjuk;11,85;7.78;12172;71,6;81,84;99,03;4,98;0
JAWA TIMUR;Madiun;11,91;7.82;11658;71,5;89,09;95,1;4,99;0
JAWA TIMUR;Magetan;10,66;8.36;11833;72,65;88,4;99,9;3,86;0
JAWA TIMUR;Ngawi;15,57;7.26;11459;72,41;79,35;99,92;4,25;0
JAWA TIMUR;Bojonegoro;13,27;7.38;10221;71,72;90,96;97,24;4,82;0
JAWA TIMUR;Tuban;16,31;7.18;10380;71,56;83,8;96,4;4,68;0
JAWA TIMUR;Lamongan;13,86;8.04;11510;72,49;89,7;81,98;4,9;0
JAWA TIMUR;Gresik;12,42;9.56;13280;72,67;91,56;88,99;8;0
JAWA TIMUR;Bangkalan;21,57;5.96;8673;70,22;39,44;97,39;8,07;1
JAWA TIMUR;Sampang;23,76;4.86;8790;68,07;76,22;89,34;3,45;1
JAWA TIMUR;Pamekasan;15,3;6.70;8804;67,67;70,85;89,15;3,1;0
JAWA TIMUR;Sumenep;20,51;5.92;9000;71,56;65,66;98,29;2,31;1
JAWA TIMUR;Kota Kediri;7,75;10.15;12359;74,04;95,75;98,95;6,37;0
JAWA TIMUR;Kota Blitar;7,89;10.35;13816;73,86;96,77;97,08;6,61;0
JAWA TIMUR;Kota Malang;4,62;10.41;16663;73,36;87,08;99,93;9,65;0
JAWA TIMUR;Kota Probolinggo;7,44;8.95;12245;70,35;89,77;99,66;6,55;0
JAWA TIMUR;Kota Pasuruan;6,88;9.33;13354;71,6;92,1;99,65;6,23;0
JAWA TIMUR;Kota Mojokerto;6,39;10.47;13610;73,39;95,49;99,63;6,87;0
JAWA TIMUR;Kota Madiun;5,09;11.37;16095;72,83;97,31;99,53;8,15;0
JAWA TIMUR;Kota Surabaya;5,23;10.50;17862;74,18;95,2;98,06;9,68;0
JAWA TIMUR;Kota Batu;4,09;9.31;12887;72,65;95,57;100;6,57;0
BANTEN;Pandeglang;10,72;7.11;8635;64,79;49,11;82,01;7,7;0
BANTEN;Lebak;10,29;6.41;8724;67,33;56,82;73,32;7,86;0
BANTEN;Tangerang;7,12;8.61;12273;69,93;85,89;97,97;9,06;0
BANTEN;Serang;5,49;7.51;10713;64,76;80,34;92,33;10,58;0
BANTEN;Kota Tangerang;5,93;10.83;14575;71,6;94,94;98;9,07;0
BANTEN;Kota Cilegon;4,24;10.08;13041;66,69;97,07;98,72;10,13;0
BANTEN;Kota Serang;6,79;8.89;13281;68,12;90,76;98,38;9,41;0
BANTEN;Kota Tangerang Selatan;2,57;11.82;15751;72,47;98,84;99,22;8,6;0
BALI;Jembrana;5,06;8.35;11675;72,46;96,24;92,11;4,11;0
BALI;Tabanan;5,12;9.14;14326;73,75;98,34;98,15;3,94;0
BALI;Badung;2,62;10.62;17327;75,18;99,59;100;6,93;0
BALI;Gianyar;4,85;9.29;14391;73,78;93,48;98,71;6,9;0
BALI;Klungkung;5,64;8.14;11287;71,41;95,91;99,96;5,35;0
BALI;Bangli;5,09;7.18;11201;70,62;87,01;91,16;1,8;0
BALI;Karang Asem;6,78;6.33;10175;70,56;87,36;98,45;2,32;0
BALI;Buleleng;6,12;7.25;13362;71,95;94,15;93,38;5,38;0
BALI;Kota Denpasar;2,96;11.48;19598;74,93;99,97;100;7,02;0
NUSA TENGGARA BARAT;Lombok Barat;14,47;6.42;11334;67,19;74,1;91,76;3,32;0
NUSA TENGGARA BARAT;Lombok Tengah;13,44;6.29;9962;66,38;79,14;92,52;2,33;0
NUSA TENGGARA BARAT;Lombok Timur;15,38;6.71;9450;66,16;84,54;95;2,79;0
NUSA TENGGARA BARAT;Sumbawa;13,91;8.15;9167;67,73;88,01;96,88;3,39;0
NUSA TENGGARA BARAT;Dompu;12,6;8.72;8899;66,99;83,72;96,57;3,02;0
NUSA TENGGARA BARAT;Bima;14,88;7.91;8495;66,5;81,04;96,4;1,58;0
NUSA TENGGARA BARAT;Sumbawa Barat;13,54;8.72;11548;68,31;92,93;95,41;5,52;0
NUSA TENGGARA BARAT;Lombok Utara;27,04;6.04;9057;67,36;79,23;88,35;1,75;1
NUSA TENGGARA BARAT;Kota Mataram;8,65;9.54;14999;71,88;91,63;98,16;5,19;0
NUSA TENGGARA BARAT;Kota Bima;8,88;10.65;11135;70,5;90,68;99,93;3,56;0
NUSA TENGGARA TIMUR;Sumba Barat;28,39;6.84;7307;67,12;54,33;86,7;1,74;1
NUSA TENGGARA TIMUR;Sumba Timur;29,68;7.32;9354;65,16;69,06;79,63;3,35;1
NUSA TENGGARA TIMUR;Kupang;22,98;7,39;7476;64,91;74,92;84,61;3,99;1
NUSA TENGGARA TIMUR;Timor Tengah Selatan;26,64;6,74;6839;66,46;50,15;61,59;2,57;1
NUSA TENGGARA TIMUR;Timor Tengah Utara;22,62;7,96;6324;67,09;70,03;87,35;3,88;1
NUSA TENGGARA TIMUR;Belu;15,68;7,36;7431;64,89;71,8;88,28;5,35;0
NUSA TENGGARA TIMUR;Alor;21,09;8,42;6751;61,64;83,16;74,43;2,59;1
NUSA TENGGARA TIMUR;Lembata;26,21;8,23;7257;67,2;91,88;92,91;4,94;1
NUSA TENGGARA TIMUR;Flores Timur;11,14;7,72;7578;65,31;93,06;99,04;3,81;0
NUSA TENGGARA TIMUR;Sikka;13,35;6,95;8021;67,45;83,14;92,11;4,54;0
NUSA TENGGARA TIMUR;Ende;24,13;8,03;9027;65,43;86,63;98;2,61;1
NUSA TENGGARA TIMUR;Ngada;12,58;8,53;8819;68,12;91,4;94,55;2,99;0
NUSA TENGGARA TIMUR;Manggarai;20,48;7,61;7133;67,11;72,84;91,68;3,7;1
NUSA TENGGARA TIMUR;Rote Ndao;28,08;7,71;6503;64,88;87,53;92,31;3,67;1
NUSA TENGGARA TIMUR;Manggarai Barat;17,92;7,56;7410;67,46;72,81;90,63;4,94;0
NUSA TENGGARA TIMUR;Sumba Tengah;34,27;6,47;6061;68,42;50,54;60,68;1,45;1
NUSA TENGGARA TIMUR;Sumba Barat Daya;28,18;6,35;6355;68,57;42,15;82,75;2,04;1
NUSA TENGGARA TIMUR;Nagekeo;12,91;7,9;8254;67,25;89,07;94,29;0,97;0
NUSA TENGGARA TIMUR;Manggarai Timur;26,5;7,35;5780;68,07;46,98;75,63;1,96;1
NUSA TENGGARA TIMUR;Sabu Raijua;30,13;6,66;5256;60,66;81,28;49,98;1,25;1
NUSA TENGGARA TIMUR;Malaka;16,33;7,1;5861;65,01;71,08;86,02;3,43;0
NUSA TENGGARA TIMUR;Kota Kupang;9,17;11,6;13218;69,73;89,86;96,59;9,76;0
KALIMANTAN BARAT;Sambas;7,66;6,72;9828;69,08;92,66;95,6;3,97;0
KALIMANTAN BARAT;Bengkayang;6,48;6,8;9193;73,84;82,17;74,51;4,42;0
KALIMANTAN BARAT;Landak;10,99;7,12;7431;73,04;62,85;65,54;3,22;0
KALIMANTAN BARAT;Pontianak;5,18;7,04;7758;71,18;83,95;88,86;7,71;0
KALIMANTAN BARAT;Sanggau;4,55;7,39;8328;71,42;70,34;81,68;3,45;0
KALIMANTAN BARAT;Ketapang;10,13;7,46;9209;71,11;75,46;57,25;6,94;0
KALIMANTAN BARAT;Sintang;9,28;7,08;8708;71,84;65,33;52,13;3,95;0
KALIMANTAN BARAT;Kapuas Hulu;8,93;7,53;7168;72,53;69,7;77;4,18;0
KALIMANTAN BARAT;Sekadau;6,26;6,85;7462;72,05;69,63;48,85;2,92;0
KALIMANTAN BARAT;Melawi;12,01;6,91;8415;72,98;71,62;66,05;2,66;0
KALIMANTAN BARAT;Kayong Utara;9,33;6,02;7920;68,48;71,34;98,84;3,78;0
KALIMANTAN BARAT;Kubu Raya;4,34;7;8630;70,69;75,74;96,76;7,02;0
KALIMANTAN BARAT;Kota Pontianak;4,58;10,43;14610;73,12;96,48;96,3;12,38;0
KALIMANTAN BARAT;Kota Singkawang;4,83;7,9;11767;72,18;92,21;89,96;9,16;0
KALIMANTAN TENGAH;Kotawaringin Barat;3,95;8,53;13117;70,68;90,73;86,62;4,7;0
KALIMANTAN TENGAH;Kotawaringin Timur;5,91;8,15;11866;69,9;72,62;85,37;5,15;0
KALIMANTAN TENGAH;Kapuas;5,35;7,6;11148;68,78;49,23;71,11;4,91;0
KALIMANTAN TENGAH;Barito Selatan;4,62;8,95;11492;67,19;63,66;54,41;4,16;0
KALIMANTAN TENGAH;Barito Utara;5,61;8,85;9951;71,3;72,23;60;5,14;0
KALIMANTAN TENGAH;Sukamara;3,66;8,09;8773;71,56;81,37;86,1;4,65;0
KALIMANTAN TENGAH;Lamandau;3,56;8,43;11234;69,39;81,89;67,26;2,3;0
KALIMANTAN TENGAH;Seruyan;7,22;7,96;9420;69,26;75,65;61,04;4,25;0
KALIMANTAN TENGAH;Katingan;5,25;8,68;10568;65,87;73,65;83,35;5,5;0
KALIMANTAN TENGAH;Pulang Pisau;4,24;8,19;10082;68,1;63,1;87,5;2,6;0
KALIMANTAN TENGAH;Gunung Mas;5,35;9,18;10809;70,46;84,88;62,89;3,11;0
KALIMANTAN TENGAH;Barito Timur;6,38;9,23;11322;68,31;77,92;67,21;3,22;0
KALIMANTAN TENGAH;Murung Raya;6,15;7,61;10449;69,53;59,18;61,05;3,03;0
KALIMANTAN TENGAH;Kota Palangka Raya;3,75;11,53;14070;73,24;92,38;99,92;5,86;0
KALIMANTAN SELATAN;Tanah Laut;4,57;7,89;11310;69,59;66,42;63,52;3,52;0
KALIMANTAN SELATAN;Kota Baru;4,86;7,46;11720;69,32;70,96;64,08;5,57;0
KALIMANTAN SELATAN;Banjar;3,04;7,52;12707;67,41;77,19;65,72;3,98;0
KALIMANTAN SELATAN;Barito Kuala;5,11;7,55;9868;66,27;55,29;65,15;3,22;0
KALIMANTAN SELATAN;Tapin;3,6;7,77;11952;70,57;79,28;78,59;4,96;0
KALIMANTAN SELATAN;Hulu Sungai Selatan;4,84;7,76;12736;66,12;83,69;72,32;2,44;0
KALIMANTAN SELATAN;Hulu Sungai Tengah;6,18;8,01;12280;66,2;87,62;90,76;3,76;0
KALIMANTAN SELATAN;Hulu Sungai Utara;6,83;7,75;9644;64,1;88,09;88,01;4,8;0
KALIMANTAN SELATAN;Tabalong;6,27;9,11;11470;70,57;96,54;72,5;3,43;0
KALIMANTAN SELATAN;Tanah Bumbu;4,82;7,97;11844;70,45;86,7;62,41;6,83;0
KALIMANTAN SELATAN;Balangan;6,07;7,69;11500;67,85;89,42;76,08;2,44;0
KALIMANTAN SELATAN;Kota Banjarmasin;4,89;10,2;14432;71,29;91,48;99,67;8,47;0
KALIMANTAN SELATAN;Kota Banjar Baru;4,4;10,96;13789;72,1;89,11;84,78;5,7;0
KALIMANTAN TIMUR;Paser;9,73;8,79;10673;72,88;81,31;62,79;5,7;0
KALIMANTAN TIMUR;Kutai Barat;10,24;8,7;10062;73,1;87,81;67,08;5,14;0
KALIMANTAN TIMUR;Kutai Kartanegara;7,99;9,23;11048;72,64;84,22;76,8;5,66;0
KALIMANTAN TIMUR;Kutai Timur;9,81;9,43;10868;73,46;86,52;78,97;5,35;0
KALIMANTAN TIMUR;Berau;5,88;9,53;12435;72,32;88,4;87,34;5,82;0
KALIMANTAN TIMUR;Penajam Paser Utara;7,61;8,36;11651;71,68;84,53;78,76;2,95;0
KALIMANTAN TIMUR;Mahakam Hulu;11,9;8,18;7802;72,33;91,67;49,45;3,14;0
KALIMANTAN TIMUR;Kota Balikpapan;2,89;10,91;14862;74,76;93,25;99,72;8,94;0
KALIMANTAN TIMUR;Kota Samarinda;4,99;10,49;14582;74,54;97,17;96,53;8,16;0
KALIMANTAN TIMUR;Kota Bontang;4,62;10,8;16765;74,55;93,95;99,85;9,92;0
KALIMANTAN UTARA;Malinau;7,3;9,4;9928;71,49;67,88;70,85;4,14;0
KALIMANTAN UTARA;Bulungan;10,03;9,19;9423;72,74;93,04;75,44;4,54;0
KALIMANTAN UTARA;Tana Tidung;5,15;8,8;7676;71,49;83,29;85,88;5,26;0
KALIMANTAN UTARA;Nunukan;6,79;8,17;7064;71,4;78,49;85,46;4,24;0
KALIMANTAN UTARA;Kota Tarakan;6,71;9,98;11261;74,04;77,58;98,73;4,94;0
SULAWESI UTARA;Bolaang Mongondow;7,58;8,03;10220;69,45;73,7;88,23;4,85;0
SULAWESI UTARA;Minahasa;7,67;9,73;12481;71,16;88,32;88,01;6,14;0
SULAWESI UTARA;Kepulauan Sangihe;11,02;8,34;11524;70,18;84,73;93,51;4,72;0
SULAWESI UTARA;Kepulauan Talaud;9;9,72;8558;70,24;86,83;84,61;2,3;0
SULAWESI UTARA;Minahasa Selatan;9,37;9,09;11554;70,01;87,66;90,78;4,9;0
SULAWESI UTARA;Minahasa Utara;7,11;10;11481;71,4;90,75;88,2;8,12;0
SULAWESI UTARA;Bolaang Mongondow Utara;8,03;8,41;9143;67,73;73,45;79,62;5,23;0
SULAWESI UTARA;Siau Tagulandang Biaro;8,94;9,03;8145;70,87;93,94;96,71;3,39;0
SULAWESI UTARA;Minahasa Tenggara;12,47;9,11;10479;70,21;87,91;92,98;3,39;0
SULAWESI UTARA;Bolaang Mongondow Selatan;12,85;8,15;8939;64,49;70,18;86,1;4,6;0
SULAWESI UTARA;Bolaang Mongondow Timur;6,1;7,93;9115;67,94;62,93;91,61;5,99;0
SULAWESI UTARA;Kota Manado;6,19;11,42;13991;71,9;87,76;95,89;12,17;0
SULAWESI UTARA;Kota Bitung;6,43;9,89;12271;71,1;89,35;96,68;9,96;0
SULAWESI UTARA;Kota Tomohon;5,69;10,74;11851;72,06;96,42;96,34;8,84;0
SULAWESI UTARA;Kota Kotamobagu;5,74;10,31;10848;70,6;71,57;98,06;7,32;0
SULAWESI TENGAH;Banggai Kepulauan;13,72;8,44;7453;66,59;75,35;96,89;2,95;0
SULAWESI TENGAH;Banggai;7,83;8,53;9603;70,88;82,46;95,18;3,57;0
SULAWESI TENGAH;Morowali;13,75;9,34;11028;69,23;78,34;93,17;5,08;0
SULAWESI TENGAH;Poso;15,92;9,5;8850;71,19;88,09;89,77;2,47;0
SULAWESI TENGAH;Donggala;16,73;7,98;8002;67,5;64,9;89,42;3,5;0
SULAWESI TENGAH;Toli-Toli;13,51;8,76;7947;66,18;68,09;85,92;3,13;0
SULAWESI TENGAH;Buol;14,06;9,08;7974;69,05;70,2;86,25;3,64;0
SULAWESI TENGAH;Parigi Moutong;15,28;7,74;9675;64,35;63,98;76,15;2,97;0
SULAWESI TENGAH;Tojo Una-Una;16,6;8,4;7621;65,9;71,1;94,28;3,44;0
SULAWESI TENGAH;Sigi;13,05;8,82;8171;70,09;78,31;78,08;2,38;0
SULAWESI TENGAH;Banggai Laut;14,17;8,63;7707;65,67;61,77;92,44;3,35;0
SULAWESI TENGAH;Morowali Utara;13,9;8,72;8890;69,71;79,88;83;2,98;0
SULAWESI TENGAH;Kota Palu;7,17;11,72;14894;71,09;91,74;98,23;7,61;0
SULAWESI SELATAN;Kepulauan Selayar;12,45;8,08;9060;68,52;75,57;89,51;2,81;0
SULAWESI SELATAN;Bulukumba;7,43;7,82;10632;68,1;92,08;87,43;3,14;0
SULAWESI SELATAN;Bantaeng;9,41;6,77;11829;70,6;77,8;97,23;4,07;0
SULAWESI SELATAN;Jeneponto;14,28;6,6;9215;66,49;81,48;98,54;2,38;0
SULAWESI SELATAN;Takalar;8,25;7,49;10543;67,3;90,15;97,04;3,93;0
SULAWESI SELATAN;Gowa;7,54;8,2;9504;70,45;97,2;95,46;4,3;0
SULAWESI SELATAN;Sinjai;8,84;7,78;9505;67,38;87,13;88,41;2,61;0
SULAWESI SELATAN;Maros;9,57;8,01;11032;69,04;87,74;83,38;6,3;0
SULAWESI SELATAN;Pangkajene Dan Kepulauan;14,28;7,92;11519;66,78;86,35;89,34;5,86;0
SULAWESI SELATAN;Barru;8,68;8,24;11017;69,07;93,92;97,01;6,74;0
SULAWESI SELATAN;Bone;10,52;7,23;9030;67,21;94,28;90,09;4,15;0
SULAWESI SELATAN;Soppeng;7,53;7,82;9558;69,81;92,39;96,58;3,92;0
SULAWESI SELATAN;Wajo;6,46;7,05;12505;67,48;95,03;87,87;4,32;0
SULAWESI SELATAN;Sidenreng Rappang;5,04;7,94;12201;70,01;98,52;99,04;4,93;0
SULAWESI SELATAN;Pinrang;8,81;7,87;11956;69,77;94,72;91,87;4,06;0
SULAWESI SELATAN;Enrekang;12,47;8,91;10973;70,93;89,11;73,03;2,34;0
SULAWESI SELATAN;Luwu;12,53;8,35;10116;70,44;88,55;83,38;4,8;0
SULAWESI SELATAN;Tana Toraja;12,27;8,51;7434;73,4;83,75;71,57;3,09;0
SULAWESI SELATAN;Luwu Utara;13,59;7,86;11736;68,67;93,72;84,03;3,91;0
SULAWESI SELATAN;Luwu Timur;6,94;8,81;12886;70,63;92,85;79,11;4,96;0
SULAWESI SELATAN;Toraja Utara;11,99;8,25;8134;73,41;87,62;72,8;2,61;0
SULAWESI SELATAN;Kota Makassar;4,82;11,43;17097;72,13;93,75;99,58;13,18;0
SULAWESI SELATAN;Kota Parepare;5,4;10,65;13786;71,31;98,21;99,09;6,72;0
SULAWESI SELATAN;Kota Palopo;8,14;10,94;13117;70,92;92,09;96,22;8,83;0
SULAWESI TENGGARA;Buton;13,92;7,92;7324;68,39;79,37;97,98;4,74;0
SULAWESI TENGGARA;Muna;13,54;8,46;8218;70,41;79,85;92,1;4,97;0
SULAWESI TENGGARA;Konawe;13,03;9,21;10151;70,32;89,72;86,3;4,56;0
SULAWESI TENGGARA;Kolaka;12,43;8,99;12525;71,21;87,35;85,69;3,62;0
SULAWESI TENGGARA;Konawe Selatan;11,34;8,11;9059;70,87;76,75;86,99;2,14;0
SULAWESI TENGGARA;Bombana;10,76;8,04;8310;69,09;82,5;92,06;3,17;0
SULAWESI TENGGARA;Wakatobi;14,91;8,16;9280;70,48;84,99;94,22;2,3;0
SULAWESI TENGGARA;Kolaka Utara;13,79;8,22;10244;70,36;86,18;87,02;3,18;0
SULAWESI TENGGARA;Buton Utara;14,89;8,93;7496;70,93;69,43;91,84;3;0
SULAWESI TENGGARA;Konawe Utara;14,32;9,3;9181;69,53;76,58;81,06;3,36;0
SULAWESI TENGGARA;Kolaka Timur;14,35;7,84;7753;72,82;88,41;93,87;3,44;0
SULAWESI TENGGARA;Konawe Kepulauan;17,81;9,42;6738;68,43;78,38;97,78;1,83;0
SULAWESI TENGGARA;Muna Barat;13,96;7,3;7502;70,35;73,03;95,18;2,84;0
SULAWESI TENGGARA;Buton Tengah;15,8;7,31;7244;67,69;86,51;92,15;3,77;0
SULAWESI TENGGARA;Buton Selatan;14,62;7,54;7279;67,69;87,22;96,12;3,92;0
SULAWESI TENGGARA;Kota Kendari;4,87;12,51;14356;73,83;96,57;98,84;5,19;0
SULAWESI TENGGARA;Kota Baubau;7,78;10,91;10503;71,25;96,68;99,67;6,87;0
GORONTALO;Boalemo;19;7;8940;69,3;68,82;94,21;3,57;0
GORONTALO;Gorontalo;17,89;7,3;9412;67,69;76,82;95,11;2,12;0
GORONTALO;Pohuwato;18,08;7,26;10409;64,3;76,12;93,13;2,45;0
GORONTALO;Bone Bolango;16,3;8,32;10198;68,52;73,71;93,72;3,45;0
GORONTALO;Gorontalo Utara;17,23;7,15;9064;65,93;79,03;86,23;2,3;0
GORONTALO;Kota Gorontalo;5,93;10,37;12390;72,53;92,9;99,62;4,55;0
SULAWESI BARAT;Majene;14,34;8,91;10028;61,77;79,74;94,6;2,85;0
SULAWESI BARAT;Polewali Mandar;15,68;7,44;8548;62,53;86,31;83,88;3,38;0
SULAWESI BARAT;Mamasa;13,77;7,88;7736;70,94;63,08;31,51;2,18;0
SULAWESI BARAT;Mamuju;7,46;7,96;9494;67,77;80,47;82,91;3,79;0
SULAWESI BARAT;Mamuju Utara;4,77;8,09;11072;66,45;79,18;87,36;3,13;0
SULAWESI BARAT;Mamuju Tengah;7,13;7,51;8408;68,55;81,76;77,43;2,52;0
MALUKU;Maluku Tenggara Barat;27,27;9,69;6335;63,45;84,88;93,3;4,4;1
MALUKU;Maluku Tenggara;22,73;9,76;7580;65,14;86,47;92,96;5,06;1
MALUKU;Maluku Tengah;19,84;9,68;10243;66,45;74,24;89,61;8,07;0
MALUKU;Buru;17,28;8,79;10347;66,44;69,35;96,18;4,85;0
MALUKU;Kepulauan Aru;26,53;8,83;7623;62,96;39,66;84,6;1,55;1
MALUKU;Seram Bagian Barat;25,27;8,92;8720;61,85;62,64;91,13;5,65;1
MALUKU;Seram Bagian Timur;23,25;8,46;9480;59,62;65,25;84,43;3,88;1
MALUKU;Maluku Barat Daya;29,55;8,59;6918;62,55;82,65;93,15;1,8;1
MALUKU;Buru Selatan;15,89;7,95;7600;66,36;58,54;93,99;1,63;0
MALUKU;Kota Ambon;5,02;12,2;14148;70,63;90,56;98,3;11,32;0
MALUKU;Kota Tual;23,26;10,53;7405;65,68;83,27;96,19;8,71;1
MALUKU UTARA;Halmahera Barat;8,95;8,37;7467;66,34;73,32;94,73;3,26;0
MALUKU UTARA;Halmahera Tengah;13,52;9,01;7966;64,15;80,7;83,71;4,23;0
MALUKU UTARA;Kepulauan Sula;8,23;9;7040;63,39;81,31;84,53;2,78;0
MALUKU UTARA;Halmahera Selatan;5,19;8,1;7142;65,93;57,97;90,48;1,94;0
MALUKU UTARA;Halmahera Utara;5,22;8,62;7519;69,61;68,98;87,09;8,01;0
MALUKU UTARA;Halmahera Timur;15,04;8,27;7973;69,08;70,1;65,51;6,78;0
MALUKU UTARA;Pulau Morotai;6,52;7,4;6378;67,35;71,5;78,95;6,27;0
MALUKU UTARA;Pulau Taliabu;7,49;7,67;6467;62,22;65,37;68,36;6,1;0
MALUKU UTARA;Kota Ternate;3,55;11,81;13290;71,06;99,22;100;5,7;0
MALUKU UTARA;Kota Tidore Kepulauan;6,58;9,95;8316;69,43;90,55;98,21;2,81;0
PAPUA BARAT;Fakfak;22,86;8,97;7446;68,5;65,86;98;7,9;1
PAPUA BARAT;Kaimana;16,04;8,58;8151;64,93;74,57;83,78;3,23;0
PAPUA BARAT;Teluk Wondama;31,61;7,08;8034;60,24;61,1;19,78;2,9;1
PAPUA BARAT;Teluk Bintuni;29,79;8,22;9708;60,99;77,45;90,37;4,74;1
PAPUA BARAT;Manokwari;20,56;8,34;11977;68,82;86,9;86,2;7,04;1
PAPUA BARAT;Sorong Selatan;18,55;7,49;6188;66,39;41;51,38;3,55;1
PAPUA BARAT;Sorong;27,78;8,33;7350;66,22;84,26;85,2;3,36;0
PAPUA BARAT;Raja Ampat;17,5;8,02;7882;64,83;55,11;73,45;3,81;1
PAPUA BARAT;Tambrauw;33,86;5,39;4903;60,2;69,75;37,05;1,49;1
PAPUA BARAT;Maybrat;31,39;6,96;5245;65,25;70,49;40,83;1,89;1
PAPUA BARAT;Manokwari Selatan;29,3;6,63;5505;67,6;91,54;80,77;2,9;1
PAPUA BARAT;Pegunungan Arfak;34,7;5,12;5009;67,26;45,21;82,47;0,7;0
PAPUA BARAT;Kota Sorong;15,35;11,19;13744;70,93;90,73;92,18;9,95;0
PAPUA;Merauke;10,16;8,73;10201;67,07;82,1;71,35;2,19;1
PAPUA;Jayawijaya;37,09;5,6;7545;59,9;23,7;43,48;1,62;0
PAPUA;Jayapura;12,13;10,05;9989;67,16;71,24;74,87;7,87;1
PAPUA;Nabire;23,83;10,01;8856;68,15;85,73;87,19;3,05;1
PAPUA;Kepulauan Yapen;26,09;9,47;7491;69,17;68,36;80,89;2,47;1
PAPUA;Biak Numfor;24,45;10,34;9607;68,29;83,32;97,67;9,49;1
PAPUA;Paniai;36,59;4,77;6377;66,62;0,26;82,09;0,74;1
PAPUA;Puncak Jaya;36;3,74;5289;65,33;15,79;82,87;1,74;1
PAPUA;Mimika;14,17;10,18;11400;72,36;83,63;91,26;5,37;0
PAPUA;Boven Digoel;19,9;8,79;7864;60,32;61,71;64,5;6,73;0
PAPUA;Mappi;26,05;6,51;6327;65,31;35,29;48,66;4,11;1
PAPUA;Asmat;24,83;5,08;5736;58,59;31,34;98,67;0,45;1
PAPUA;Yahukimo;37,64;4,27;4895;66,05;13,09;43,46;2,25;1
PAPUA;Pegunungan Bintang;30,46;3,04;5429;64,54;31,28;80,88;4,43;1
PAPUA;Tolikara;32,6;3,65;4841;65,83;3,24;6,6;1,12;1
PAPUA;Sarmi;13,84;8,83;6617;66,46;68,36;89,82;3,5;0
PAPUA;Keerom;16;8,02;8926;66,78;60,58;75,64;1,41;0
PAPUA;Waropen;29,85;9,21;6788;66,42;84,68;72,89;8,56;1
PAPUA;Supiori;37,91;8,87;5708;66,06;80,32;45,56;2,66;1
PAPUA;Mamberamo Raya;28,78;5,87;4603;58;65,19;66,1;1,91;1
PAPUA;Nduga *;37,18;1,42;3976;55,43;4,35;13,35;0;1
PAPUA;Lanny Jaya;38,73;3,43;4393;66,11;2,51;0,87;0;1
PAPUA;Mamberamo Tengah;36,76;3,33;4487;63,75;2,54;0;0,9;1
PAPUA;Yalimo;33,25;3,01;4664;65,49;0,48;59,96;0,41;1
PAPUA;Puncak;36,26;2,16;5412;65,86;11,43;85,03;0,94;1
PAPUA;Dogiyai;28,81;4,94;5415;65,85;12,11;71,24;5,68;1
PAPUA;Intan Jaya;41,66;3,09;5328;65,69;0,36;35,01;1,43;1
PAPUA;Deiyai;40,59;3,25;4673;65,36;0;85,23;0,79;1
PAPUA;Kota Jayapura;11,39;11,57;14937;70,52;85,31;97,1;11,67;0
